t_s,sensor,ax,ay,az,gx,gy,gz
1760826776.8820832,ankle_L,11.805808386230469,0.0005985504150390625,1.0139444030761717,0.09965696797647011,0.13829402775344382,-0.08580091895300368
1760826776.8921742,ankle_L,11.805808386230469,0.10175357055664062,0.8379705810546875,0.09033078113375233,0.1384272589940541,-0.07953905064432175
1760826776.899639,ankle_L,11.805808386230469,0.15263035583496093,0.8176198669433593,0.0848683002687319,0.13856049023466432,-0.07327718233563979
1760826776.899755,ankle_L,11.805808386230469,0.051475335693359374,0.9828197814941406,0.09446094959267021,0.1389601839564951,-0.10112251162318292
1760826776.8997993,ankle_L,11.805808386230469,0.04129997863769531,0.9858125335693358,0.09406125587083944,0.13935987767832586,-0.09472741207389071
1760826776.899834,ankle_L,11.805808386230469,0.12629413757324218,0.805050308227539,0.08220367545652682,0.1397595714001566,-0.08859877500581902
1760826776.899883,ankle_L,11.805808386230469,0.07302315063476562,0.7793126403808593,0.07234456365136802,0.14029249636259766,-0.08260336917835759
1760826776.8999047,ankle_L,11.805808386230469,0.025737667846679687,0.9157821350097656,0.06475038293658353,0.10685145496942385,-0.07687442583211665
1760826776.8999255,ankle_L,11.805808386230469,0.13407529296874998,0.7422025146484375,0.05688973974057853,0.10738437993186485,-0.07127871372648598
1760826776.899945,ankle_L,11.805808386230469,0.09337386474609374,0.7260416534423828,0.049961715228845315,0.10818376737552639,-0.10018989293891113
1760826776.8999672,ankle_L,11.805808386230469,0.05027823486328125,0.7062894897460937,0.04223430327345057,0.10898315481918791,-0.09526033703633173
1760826776.8999867,ankle_L,11.805808386230469,0.05626373901367187,0.7104793426513671,0.04369984692016337,0.10978254226284943,-0.09059724361497283
1760826776.9000063,ankle_L,11.805808386230469,0.015562310791015624,0.6925228302001952,0.036372128686599385,0.11058192970651096,-0.0860673814342242
1760826776.9000256,ankle_L,11.805808386230469,0.13587094421386717,0.5243301635742187,0.06475038293658353,0.07727411955394742,-0.08193721297530632
1760826776.9000459,ankle_L,11.805808386230469,0.10474632263183593,0.5117606048583984,0.05955436455278361,0.07820673823821919,-0.07794027575699868
1760826776.9000766,ankle_L,11.805808386230469,0.08379705810546874,0.5021837982177734,0.05595712105630675,0.07913935692249098,-0.07420980101991156
1760826776.9000995,ankle_L,11.805808386230469,0.05566518859863281,0.489015689086914,0.05076110267250683,0.07993874436615249,-0.07061255752343472
1760826776.9051192,ankle_L,11.959037292480469,0.03890577697753906,0.48243163452148435,0.04809647786030175,0.08073813180981403,-0.10138897410440342
1760826776.9056475,ankle_L,11.959037292480469,0.017357962036132813,0.47285482788085936,0.044232771882604376,0.08153751925347555,-0.09832465557036758
1760826776.9059432,ankle_L,11.959037292480469,0.15263035583496093,0.31184476623535157,0.041168453348568536,0.08233690669713707,-0.09539356827694198
1760826776.906252,ankle_L,11.959037292480469,0.14185644836425781,0.4590881683349609,0.00479632466196915,0.08300306290018834,-0.0927289434647369
1760826776.9070206,ankle_L,11.959037292480469,0.13826514587402344,0.3076549133300781,0.03890352225819422,0.08353598786262936,-0.09019754989314206
1760826776.9073205,ankle_L,11.959037292480469,0.12090718383789062,0.4525041137695312,0.00159877488732305,0.08420214406568063,-0.08793261880276775
1760826776.9077191,ankle_L,11.959037292480469,0.11372457885742186,0.45489831542968745,0.0010658499248820332,0.0846018377875114,-0.08580091895300368
1760826776.9100301,ankle_L,11.959037292480469,0.10654197387695312,0.4525041137695312,0.03397396635561481,0.05102756515372735,-0.08406891282507037
1760826776.9103124,ankle_L,11.959037292480469,0.09157821350097656,0.4471171600341797,0.03170903526524049,0.0514272588755581,-0.08247013793774732
1760826776.9108424,ankle_L,11.959037292480469,0.08140285644531249,0.44113165588378905,0.029577335415476424,0.05169372135677862,-0.08127105677225505
1760826776.9113626,ankle_L,11.959037292480469,0.06404489440917968,0.44532150878906246,0.028111791768763626,0.05342572748471192,-0.08073813180981403
1760826776.9118345,ankle_L,11.959037292480469,0.05566518859863281,0.4387374542236328,0.02571362943777905,0.05382542120654268,-0.08180398173469605
1760826776.9125001,ankle_L,11.959037292480469,0.04967968444824218,0.43514615173339843,0.02424808579106626,0.054091883687763194,-0.08326952538140886
1760826776.91262,ankle_L,11.959037292480469,0.047285482788085934,0.43155484924316406,0.02371516082862524,0.05462480865020421,-0.08473506902812164
1760826776.912951,ankle_L,11.959037292480469,0.04249707946777344,0.42975919799804685,0.022915773384963714,0.05515773361264523,-0.0863338439154447
1760826776.9139578,ankle_L,11.959037292480469,0.040102877807617184,0.4261678955078125,0.022249617181912446,0.05595712105630675,-0.08793261880276775
1760826776.9143856,ankle_L,11.959037292480469,0.033518823242187495,0.4225765930175781,0.020917304775809907,0.05688973974057853,-0.08979785617131131
1760826776.9146698,ankle_L,11.959037292480469,0.027533319091796873,0.41898529052734373,0.02011791733214838,0.05808882090607082,-0.09206278726168562
1760826776.915956,ankle_L,11.959037292480469,0.025139117431640625,0.4177881896972656,0.01945176112909711,0.05942113331217336,-0.09459418083328046
1760826776.9161608,ankle_L,11.959037292480469,0.023942016601562498,0.4171896392822265,0.019318529888486854,0.0610199081994964,-0.09739203688609578
1760826776.9164405,ankle_L,11.959037292480469,0.014963760375976562,0.4147954376220703,0.017986217482384312,0.06261868308681946,-0.10045635542013163
1760826776.94942,ankle_L,11.959037292480469,0.0143652099609375,0.41359833679199215,0.017586523760553547,0.06381776425231174,-0.06874732015489114
1760826776.9498427,ankle_L,11.959037292480469,0.017357962036132813,0.4147954376220703,0.018652373685435583,0.06421745797414251,-0.07034609504221419
1760826776.9505334,ankle_L,11.959037292480469,0.022146365356445312,0.4177881896972656,0.01971822361031762,0.06381776425231174,-0.07101225124526546
1760826776.9512548,ankle_L,11.959037292480469,0.018555062866210937,0.4147954376220703,0.018918836166656093,0.06261868308681946,-0.07034609504221419
1760826776.9517145,ankle_L,11.959037292480469,0.022146365356445312,0.41419688720703124,0.0191852986478766,0.06062021447766565,-0.1023215927886752
1760826776.952064,ankle_L,11.959037292480469,0.029927520751953124,0.42018239135742186,0.020917304775809907,0.057955589665460557,-0.09859111805158809
1760826776.9530592,ankle_L,11.959037292480469,0.1322796417236328,0.9983820922851562,0.0834027566220191,0.19145329275693523,-0.09286217470534716
1760826776.9534018,ankle_L,11.959037292480469,0.05686228942871093,0.968454571533203,0.06914701387672191,0.1883889742228994,-0.09872434929219834
1760826776.9537463,ankle_L,11.959037292480469,0.14604630126953125,0.7906850982666015,0.09166309353985486,0.15135068933324874,-0.09779173060792655
1760826776.995023,ankle_L,11.959037292480469,0.09217676391601562,0.7697358337402344,0.08153751925347555,0.14855283328043337,-0.09259571222412663
1760826776.9961157,ankle_L,11.959037292480469,0.037110125732421874,0.9050082275390624,0.03797090357392244,0.14575497722761804,-0.08886523748703952
1760826776.996392,ankle_L,11.959037292480469,0.14903905334472656,0.7326257080078125,0.06395099549292199,0.10938284854101867,-0.07460949474174233
1760826776.9978523,ankle_L,11.959037292480469,0.10295067138671875,0.7134720947265625,0.05529096485325548,0.10765084241308535,-0.09765849936731631
1760826776.998837,ankle_L,11.959037292480469,0.06045359191894531,0.6961141326904297,0.04743032165725048,0.10631853000698281,-0.08833231252459851
1760826776.9996479,ankle_L,11.959037292480469,0.031124621582031248,0.6871358764648438,0.04223430327345057,0.10525268008210079,-0.08007197560676275
1760826777.0009022,ankle_L,11.959037292480469,0.1484405029296875,0.5219359619140624,0.035972434964768624,0.10458652387904951,-0.07301071985441929
1760826777.0010262,ankle_L,11.959037292480469,0.1131260284423828,0.5051765502929687,0.06328483928987072,0.06994640132038345,-0.1008560491419624
1760826777.0851467,ankle_L,11.959037292480469,0.08738836059570312,0.4944026428222656,0.05822205214668107,0.06967993883916293,-0.09552679951755223
1760826777.0858772,ankle_L,11.959037292480469,0.06045359191894531,0.4836287353515625,0.053159265003491406,0.06954670759855268,-0.09073047485558308
1760826777.0864773,ankle_L,11.959037292480469,0.03411737365722656,0.47105917663574215,0.04756355289786074,0.06941347635794241,-0.08646707515605495
1760826777.0875993,ankle_L,11.959037292480469,0.0143652099609375,0.46208092041015625,0.04356661567955311,0.06928024511733216,-0.08247013793774732
1760826777.1298053,ankle_L,11.959037292480469,0.14604630126953125,0.45489831542968745,0.0058621745868511835,0.06928024511733216,-0.07873966320066021
1760826777.2663379,ankle_L,11.959037292480469,0.12689268798828124,0.4465186096191406,0.002264931090374321,0.06928024511733216,-0.0750091884635731
1760826777.2669106,ankle_L,11.959037292480469,0.11013327636718749,0.4429273071289062,0.03357427263378405,0.03530627876171736,-0.07167840744831674
1760826777.310003,ankle_L,11.959037292480469,0.10235212097167969,0.4387374542236328,0.032241960227681506,0.03557274124293786,-0.06848085767367064
1760826777.31058,ankle_L,11.959037292480469,0.08978256225585937,0.4327519500732422,0.02997702913730719,0.035705972483548114,-0.09965696797647011
1760826777.4012105,ankle_L,11.959037292480469,0.07601590270996093,0.4267664459228515,0.027578866806322613,0.036105666205378875,-0.09699234316426504
1760826777.4019158,ankle_L,11.959037292480469,0.06284779357910156,0.4213794921875,0.025180704475338038,0.036372128686599385,-0.09459418083328046
1760826777.4034412,ankle_L,11.959037292480469,0.054468087768554684,0.4165910888671875,0.023315467106794475,0.036771822408430146,-0.09246248098351639
1760826777.4040134,ankle_L,11.959037292480469,0.044891281127929686,0.4129997863769531,0.021716692219471426,0.037304747370871166,-0.09046401237436258
1760826777.4048448,ankle_L,11.959037292480469,0.040701428222656245,0.41359833679199215,0.02105053601642016,0.03770444109270193,-0.08873200624642928
1760826777.4054635,ankle_L,11.959037292480469,0.03531447448730469,0.4129997863769531,0.020384379813368887,0.03810413481453269,-0.08700000011849597
1760826777.4063203,ankle_L,12.112266198730469,0.025737667846679687,0.4100070343017578,0.018785604926045835,0.03863705977697371,-0.08553445647178318
1760826777.4450436,ankle_L,12.112266198730469,0.022146365356445312,0.4070142822265625,0.017986217482384312,0.03903675349880447,-0.08420214406568063
1760826777.445596,ankle_L,12.112266198730469,0.07122749938964844,0.4291606475830078,0.02717917308449185,0.03956967846124549,-0.08300306290018834
1760826777.6252313,ankle_L,12.112266198730469,0.06284779357910156,0.42377369384765623,0.025447166956558548,0.039969372183076245,-0.08180398173469605
1760826777.626031,ankle_L,12.112266198730469,0.05626373901367187,0.42317514343261714,0.024514548272286763,0.04036906590490701,-0.08060490056920376
1760826777.6267433,ankle_L,12.112266198730469,0.04249707946777344,0.4171896392822265,0.021849923460081685,0.040901990867348026,-0.07953905064432175
1760826777.670111,ankle_L,12.112266198730469,0.03591302490234375,0.4129997863769531,0.020384379813368887,0.041301684589178794,-0.07833996947882944
1760826777.6706977,ankle_L,12.112266198730469,0.028131869506835935,0.4082113830566406,0.018785604926045835,0.0415681470703993,-0.07714088831333717
1760826777.6717694,ankle_L,12.112266198730469,0.017956512451171875,0.4034229797363281,0.01705359879811253,0.041834609551619814,-0.07594180714784488
1760826777.6724603,ankle_L,12.112266198730469,0.020350714111328123,0.41060558471679687,0.018119448722994567,0.04210107203284032,-0.07460949474174233
1760826777.7150552,ankle_L,12.112266198730469,0.02454056701660156,0.4159925384521484,0.0191852986478766,0.04236753451406082,-0.07301071985441929
1760826777.715642,ankle_L,12.112266198730469,0.028131869506835935,0.42018239135742186,0.020384379813368887,0.04250076575467108,-0.07127871372648598
1760826777.7600794,ankle_L,12.112266198730469,0.05327098693847656,0.7302315063476562,0.048895865303963275,0.11071516094712121,-0.06954670759855268
1760826777.760688,ankle_L,12.112266198730469,0.06763619689941405,0.7523778717041015,0.05382542120654268,0.11084839218773146,-0.10178866782623419
1760826777.7625196,ankle_L,12.112266198730469,0.05027823486328125,0.7362170104980469,0.049428790266404295,0.11084839218773146,-0.10005666169830088
1760826777.7632523,ankle_L,12.112266198730469,0.006584054565429687,0.7757213378906249,0.06954670759855268,0.14495558978395653,-0.09832465557036758
1760826777.805124,ankle_L,12.112266198730469,0.13766659545898435,0.5410895751953124,0.036105666205378875,0.11138131715017249,-0.09352833090839843
1760826777.8501022,ankle_L,12.112266198730469,0.12449848632812499,0.23523031311035156,0.008393568158446012,0.0415681470703993,-0.1020551303074547
1760826777.8506467,ankle_L,12.265495104980468,0.11133037719726561,0.2292448089599609,0.006128637068071691,0.041834609551619814,-0.07127871372648598
1760826777.852174,ankle_L,12.265495104980468,0.11073182678222655,0.229843359375,0.006261868308681946,0.041967840792230066,-0.07154517620770649
1760826777.8528154,ankle_L,12.265495104980468,0.11671733093261719,0.23582886352539062,0.0075941807147844875,0.04210107203284032,-0.07194486992953725
1760826777.8950598,ankle_L,12.265495104980468,0.04668693237304687,0.42377369384765623,0.021983154700691936,0.03903675349880447,-0.08233690669713707
1760826777.8956306,ankle_L,12.265495104980468,0.03651157531738281,0.41958384094238277,0.01971822361031762,0.03863705977697371,-0.08326952538140886
1760826777.8966463,ankle_L,12.265495104980468,0.03651157531738281,0.508169302368164,0.05249310880044014,0.07221133241075775,-0.08433537530629089
1760826777.897601,ankle_L,12.265495104980468,0.015562310791015624,0.4991910461425781,0.04862940282274277,0.07154517620770649,-0.08553445647178318
1760826778.1202931,ankle_L,12.265495104980468,0.14784195251464843,0.33518823242187495,0.044232771882604376,0.07101225124526546,-0.0868667688778857
1760826778.1211073,ankle_L,12.265495104980468,0.12449848632812499,0.3226186737060547,0.03970290970185574,0.07034609504221419,-0.08806585004337801
1760826778.122204,ankle_L,12.265495104980468,0.10893617553710937,0.3142389678955078,0.036505359927209644,0.06967993883916293,-0.08913169996826004
1760826778.123531,ankle_L,12.265495104980468,0.03950432739257812,0.4261678955078125,0.021849923460081685,0.06608269534268607,-0.12004134778983899
1760826778.1650765,ankle_L,12.265495104980468,0.03651157531738281,0.4255693450927734,0.02145022973825092,0.0654165391396348,-0.11524502312786984
1760826778.1656492,ankle_L,12.418724011230468,0.0718260498046875,0.5386953735351562,0.0610199081994964,0.07540888218540386,-0.07567534466662437
1760826778.1664202,ankle_L,12.418724011230468,0.11252747802734374,0.6524199523925781,0.1008560491419624,0.10765084241308535,-0.07900612568188072
1760826778.1674016,ankle_L,12.418724011230468,0.00239420166015625,0.8379705810546875,0.07607503838845513,0.14135834628747967,-0.07993874436615249
1760826778.255143,ankle_L,12.418724011230468,0.14784195251464843,0.6757634185791015,0.0750091884635731,0.1409586525656489,-0.08127105677225505
1760826778.2557783,ankle_L,12.418724011230468,0.0017956512451171875,0.8200140686035156,0.07447626350113207,0.14055895884381814,-0.08260336917835759
1760826778.257097,ankle_L,12.418724011230468,0.14604630126953125,0.6578069061279297,0.07087902000465522,0.13789433403161305,-0.10072281790135215
1760826778.2578347,ankle_L,12.418724011230468,0.10175357055664062,0.6344634399414062,0.09605972447999325,0.10365390519477774,-0.07007963256099368
1760826784.663946,wrist_R,-17.308282351684568,0.07781155395507812,0.1975216369628906,0.029843797896696934,0.02371516082862524,0.06821439519245012
1760826784.6756048,wrist_R,-17.308282351684568,0.07781155395507812,0.1975216369628906,0.02997702913730719,0.02371516082862524,0.06821439519245012
1760826784.6888592,wrist_R,-17.308282351684568,0.07781155395507812,0.19871873779296872,0.03037672285913795,0.02371516082862524,0.06821439519245012
1760826784.6890454,wrist_R,-17.155053445434568,0.08140285644531249,0.19931728820800781,0.030909647821578966,0.02371516082862524,0.06821439519245012
1760826784.689156,wrist_R,-17.155053445434568,0.07781155395507812,0.19871873779296872,0.03064318534035846,0.02371516082862524,0.06821439519245012
1760826784.6892433,wrist_R,-17.155053445434568,0.08080430603027343,0.19991583862304688,0.03130934154340973,0.02371516082862524,0.06821439519245012
1760826784.6895676,wrist_R,-17.155053445434568,0.08140285644531249,0.20051438903808594,0.03144257278401998,0.02371516082862524,0.06821439519245012
1760826784.6896617,wrist_R,-17.155053445434568,0.08140285644531249,0.201112939453125,0.03170903526524049,0.023848392069235495,0.06821439519245012
1760826784.6897457,wrist_R,-17.155053445434568,0.08379705810546874,0.20231004028320312,0.032241960227681506,0.023848392069235495,0.06821439519245012
1760826784.689826,wrist_R,-17.155053445434568,0.08379705810546874,0.20231004028320312,0.032108728987071254,0.023848392069235495,0.06821439519245012
1760826784.689908,wrist_R,-17.155053445434568,0.08559270935058594,0.20231004028320312,0.03264165394951227,0.023848392069235495,0.06821439519245012
1760826784.6899827,wrist_R,-17.155053445434568,0.08918401184082031,0.20350714111328125,0.03317457891195329,0.023848392069235495,0.06821439519245012
1760826784.6900635,wrist_R,-17.155053445434568,0.08978256225585937,0.20350714111328125,0.033307810152563545,0.023848392069235495,0.06821439519245012
1760826784.6902647,wrist_R,-17.155053445434568,0.09277531433105468,0.2041056915283203,0.03384073511500456,0.023848392069235495,0.06821439519245012
1760826784.691155,wrist_R,-17.155053445434568,0.0939724151611328,0.2041056915283203,0.03397396635561481,0.023848392069235495,0.06821439519245012
1760826784.691899,wrist_R,-17.155053445434568,0.0939724151611328,0.20530279235839843,0.00013323124061025415,0.057955589665460557,0.06821439519245012
1760826784.6930563,wrist_R,-17.155053445434568,0.09457096557617187,0.20530279235839843,0.0002664624812205083,0.057955589665460557,0.06821439519245012
1760826784.6937678,wrist_R,-17.155053445434568,0.09636661682128905,0.2059013427734375,0.0006661562030512709,0.057955589665460557,0.06834762643306039
1760826784.694421,wrist_R,-17.155053445434568,0.09636661682128905,0.20530279235839843,0.0003996937218307625,0.057955589665460557,0.06834762643306039
1760826784.695102,wrist_R,-17.155053445434568,0.09457096557617187,0.20470424194335937,0.0,0.057955589665460557,0.06834762643306039
1760826784.6955705,wrist_R,-17.155053445434568,0.09756371765136718,0.20530279235839843,0.0005329249624410166,0.057955589665460557,0.06834762643306039
1760826784.6963446,wrist_R,-17.155053445434568,0.09935936889648436,0.20530279235839843,0.0006661562030512709,0.057955589665460557,0.06848085767367064
1760826784.6971033,wrist_R,-17.155053445434568,0.09756371765136718,0.20530279235839843,0.0002664624812205083,0.057955589665460557,0.06848085767367064
1760826784.697906,wrist_R,-17.155053445434568,0.09816226806640624,0.20530279235839843,0.0002664624812205083,0.05808882090607082,0.06848085767367064
1760826784.6984494,wrist_R,-17.155053445434568,0.09756371765136718,0.20530279235839843,0.0002664624812205083,0.05808882090607082,0.06848085767367064
1760826784.6989157,wrist_R,-17.155053445434568,0.09756371765136718,0.2059013427734375,0.0003996937218307625,0.05808882090607082,0.06848085767367064
1760826784.6994238,wrist_R,-17.155053445434568,0.09816226806640624,0.20649989318847656,0.000799387443661525,0.05808882090607082,0.06861408891428089
1760826784.6999283,wrist_R,-17.155053445434568,0.09696516723632811,0.20649989318847656,0.0005329249624410166,0.05808882090607082,0.06861408891428089
1760826784.700249,wrist_R,-17.155053445434568,0.09696516723632811,0.2059013427734375,0.0002664624812205083,0.05808882090607082,0.06861408891428089
1760826784.7005851,wrist_R,-17.155053445434568,0.09576806640624999,0.20530279235839843,0.00013323124061025415,0.05808882090607082,0.06874732015489114
1760826784.701058,wrist_R,-17.155053445434568,0.09576806640624999,0.20530279235839843,0.0,0.05808882090607082,0.06874732015489114
1760826784.7013955,wrist_R,-17.155053445434568,0.09576806640624999,0.2059013427734375,0.0002664624812205083,0.05808882090607082,0.06874732015489114
1760826784.7018747,wrist_R,-17.155053445434568,0.09636661682128905,0.2059013427734375,0.00013323124061025415,0.05808882090607082,0.06874732015489114
1760826784.7342036,wrist_R,-17.155053445434568,0.09636661682128905,0.20649989318847656,0.0003996937218307625,0.05808882090607082,0.0688805513955014
1760826784.7345517,wrist_R,-17.155053445434568,0.09516951599121093,0.2059013427734375,0.0002664624812205083,0.05822205214668107,0.0688805513955014
1760826784.736011,wrist_R,-17.155053445434568,0.09457096557617187,0.20649989318847656,0.0002664624812205083,0.05822205214668107,0.0688805513955014
1760826784.7362092,wrist_R,-17.155053445434568,0.09576806640624999,0.20649989318847656,0.0003996937218307625,0.05822205214668107,0.0688805513955014
1760826784.825066,wrist_R,-17.155053445434568,0.09516951599121093,0.20649989318847656,0.0002664624812205083,0.05822205214668107,0.0688805513955014
1760826784.9601212,wrist_R,-17.155053445434568,0.09516951599121093,0.20709844360351562,0.0005329249624410166,0.05808882090607082,0.0688805513955014
1760826785.0062878,wrist_R,-17.155053445434568,0.09576806640624999,0.20709844360351562,0.0006661562030512709,0.05808882090607082,0.0688805513955014
1760826785.007461,wrist_R,-17.155053445434568,0.09636661682128905,0.20709844360351562,0.0006661562030512709,0.05808882090607082,0.0688805513955014
1760826785.0076973,wrist_R,-17.155053445434568,0.09457096557617187,0.2059013427734375,0.0002664624812205083,0.05808882090607082,0.0688805513955014
1760826785.0084696,wrist_R,-17.155053445434568,0.09337386474609374,0.20649989318847656,0.0,0.05808882090607082,0.0688805513955014
1760826785.0091603,wrist_R,-17.155053445434568,0.09576806640624999,0.20709844360351562,0.0003996937218307625,0.05808882090607082,0.0688805513955014
1760826785.0105834,wrist_R,-17.155053445434568,0.09935936889648436,0.20829554443359374,0.0013323124061025418,0.05808882090607082,0.0688805513955014
1760826785.011522,wrist_R,-17.155053445434568,0.09696516723632811,0.20769699401855468,0.0009326186842717792,0.05808882090607082,0.0688805513955014
1760826785.012914,wrist_R,-17.155053445434568,0.0987608184814453,0.20769699401855468,0.0010658499248820332,0.05808882090607082,0.0688805513955014
1760826785.013621,wrist_R,-17.155053445434568,0.09756371765136718,0.20769699401855468,0.0010658499248820332,0.05808882090607082,0.0688805513955014
1760826785.0145056,wrist_R,-17.155053445434568,0.0987608184814453,0.20769699401855468,0.0011990811654922875,0.05808882090607082,0.0688805513955014
1760826785.0152278,wrist_R,-17.155053445434568,0.0987608184814453,0.20829554443359374,0.0013323124061025418,0.05808882090607082,0.0688805513955014
1760826785.0158682,wrist_R,-17.155053445434568,0.09636661682128905,0.20829554443359374,0.0009326186842717792,0.05808882090607082,0.0688805513955014
1760826785.0168302,wrist_R,-17.155053445434568,0.09636661682128905,0.2088940948486328,0.0010658499248820332,0.05808882090607082,0.0688805513955014
1760826785.0174644,wrist_R,-17.155053445434568,0.09457096557617187,0.2088940948486328,0.000799387443661525,0.05808882090607082,0.0688805513955014
1760826785.0181732,wrist_R,-17.155053445434568,0.09277531433105468,0.2088940948486328,0.0005329249624410166,0.05808882090607082,0.06874732015489114
1760826785.0191193,wrist_R,-17.155053445434568,0.09516951599121093,0.20949264526367187,0.0010658499248820332,0.05808882090607082,0.06874732015489114
1760826785.0950735,wrist_R,-17.155053445434568,0.09576806640624999,0.20949264526367187,0.0010658499248820332,0.05808882090607082,0.06874732015489114
1760826785.0957365,wrist_R,-17.155053445434568,0.0987608184814453,0.21009119567871093,0.00159877488732305,0.05808882090607082,0.06874732015489114
1760826785.0968442,wrist_R,-17.155053445434568,0.09756371765136718,0.20949264526367187,0.0013323124061025418,0.05808882090607082,0.06874732015489114
1760826785.0977082,wrist_R,-17.155053445434568,0.09816226806640624,0.20949264526367187,0.0014655436467127959,0.05808882090607082,0.06874732015489114
1760826785.0987904,wrist_R,-17.155053445434568,0.0987608184814453,0.21009119567871093,0.001732006127933304,0.05808882090607082,0.06874732015489114
1760826785.099392,wrist_R,-17.155053445434568,0.09756371765136718,0.21009119567871093,0.0014655436467127959,0.05808882090607082,0.06861408891428089
1760826785.1002083,wrist_R,-17.155053445434568,0.09816226806640624,0.20949264526367187,0.00159877488732305,0.05808882090607082,0.06861408891428089
1760826785.1011295,wrist_R,-17.001824539184568,0.09816226806640624,0.21009119567871093,0.00159877488732305,0.05808882090607082,0.06861408891428089
1760826785.1018698,wrist_R,-17.001824539184568,0.09935936889648436,0.21009119567871093,0.0018652373685435584,0.05822205214668107,0.06861408891428089
1760826785.1030266,wrist_R,-17.001824539184568,0.0909796630859375,0.20530279235839843,0.03357427263378405,0.024114854550456002,0.06914701387672191
1760826785.103673,wrist_R,-17.001824539184568,0.09756371765136718,0.20829554443359374,0.0013323124061025418,0.05808882090607082,0.06994640132038345
1760826785.104827,wrist_R,-17.001824539184568,0.08798691101074219,0.20470424194335937,0.03357427263378405,0.023848392069235495,0.07061255752343472
1760826785.105712,wrist_R,-17.001824539184568,0.08978256225585937,0.20350714111328125,0.033307810152563545,0.023848392069235495,0.07074578876404496
1760826785.106455,wrist_R,-17.001824539184568,0.09157821350097656,0.2041056915283203,0.03357427263378405,0.023848392069235495,0.07087902000465522
1760826785.1071284,wrist_R,-17.001824539184568,0.08978256225585937,0.20470424194335937,0.03357427263378405,0.023848392069235495,0.07101225124526546
1760826785.108189,wrist_R,-17.001824539184568,0.0909796630859375,0.20530279235839843,0.03397396635561481,0.023848392069235495,0.07114548248587572
1760826785.109185,wrist_R,-17.001824539184568,0.0909796630859375,0.2059013427734375,0.03397396635561481,0.023848392069235495,0.07127871372648598
1760826785.1098747,wrist_R,-17.001824539184568,0.08918401184082031,0.20530279235839843,0.03384073511500456,0.023848392069235495,0.07141194496709623
1760826785.1104815,wrist_R,-17.001824539184568,0.08918401184082031,0.2059013427734375,0.03397396635561481,0.023848392069235495,0.07154517620770649
1760826785.14008,wrist_R,-17.001824539184568,0.08858546142578125,0.2059013427734375,0.03384073511500456,0.02371516082862524,0.07167840744831674
1760826785.1407416,wrist_R,-17.001824539184568,0.08678981018066406,0.2059013427734375,0.03370750387439431,0.02371516082862524,0.071811638688927
1760826785.1423428,wrist_R,-17.001824539184568,0.08798691101074219,0.20649989318847656,0.03384073511500456,0.02371516082862524,0.07194486992953725
1760826785.1433425,wrist_R,-17.001824539184568,0.08738836059570312,0.20649989318847656,0.03370750387439431,0.02371516082862524,0.07221133241075775
1760826785.1439312,wrist_R,-17.001824539184568,0.08559270935058594,0.20530279235839843,0.0334410413931738,0.02371516082862524,0.07234456365136802
1760826785.1449716,wrist_R,-17.001824539184568,0.08439560852050781,0.20530279235839843,0.033307810152563545,0.02371516082862524,0.07247779489197827
1760826785.1458504,wrist_R,-17.001824539184568,0.08499415893554688,0.2059013427734375,0.033307810152563545,0.02371516082862524,0.07274425737319877
1760826785.1463974,wrist_R,-17.001824539184568,0.08798691101074219,0.20649989318847656,0.03370750387439431,0.023581929588014985,0.07287748861380902
1760826785.14775,wrist_R,-16.84859563293457,0.08918401184082031,0.20649989318847656,0.03384073511500456,0.023315467106794475,0.07367687605747056
1760826785.1478677,wrist_R,-16.84859563293457,0.08439560852050781,0.20649989318847656,0.033041347671343035,0.023315467106794475,0.07394333853869106
1760826785.1487586,wrist_R,-16.84859563293457,0.08379705810546874,0.20649989318847656,0.033041347671343035,0.023182235866184224,0.07407656977930133
1760826785.1494544,wrist_R,-16.84859563293457,0.08858546142578125,0.20829554443359374,0.03384073511500456,0.023182235866184224,0.07420980101991156
1760826785.1505015,wrist_R,-16.84859563293457,0.08858546142578125,0.2088940948486328,0.03397396635561481,0.023049004625573973,0.07434303226052183
1760826785.1510363,wrist_R,-16.84859563293457,0.08858546142578125,0.20949264526367187,0.00013323124061025415,0.05702297098118878,0.07434303226052183
1760826785.1517198,wrist_R,-16.84859563293457,0.08858546142578125,0.21009119567871093,0.0003996937218307625,0.05688973974057853,0.07447626350113207
1760826785.1525013,wrist_R,-16.84859563293457,0.08798691101074219,0.20949264526367187,0.0002664624812205083,0.05675650849996827,0.07447626350113207
1760826785.1535363,wrist_R,-16.84859563293457,0.08678981018066406,0.21188684692382811,0.0003996937218307625,0.05662327725935802,0.07447626350113207
1760826785.1544704,wrist_R,-16.84859563293457,0.08559270935058594,0.21068974609375,0.00013323124061025415,0.05649004601874777,0.07447626350113207
1760826785.275349,wrist_R,-16.84859563293457,0.086191259765625,0.21068974609375,0.03397396635561481,0.022249617181912446,0.07447626350113207
1760826785.2758949,wrist_R,-16.84859563293457,0.09277531433105468,0.21188684692382811,0.0009326186842717792,0.05622358353752725,0.07447626350113207
1760826785.276592,wrist_R,-16.84859563293457,0.09516951599121093,0.21248539733886718,0.0011990811654922875,0.05622358353752725,0.07447626350113207
1760826785.277469,wrist_R,-16.84859563293457,0.09157821350097656,0.21128829650878905,0.0005329249624410166,0.056090352296917,0.07447626350113207
1760826785.2785337,wrist_R,-16.84859563293457,0.09038111267089843,0.21009119567871093,0.00013323124061025415,0.056090352296917,0.07460949474174233
1760826785.279257,wrist_R,-16.84859563293457,0.08978256225585937,0.20949264526367187,0.0,0.056090352296917,0.07460949474174233
1760826785.2800465,wrist_R,-16.84859563293457,0.08978256225585937,0.2088940948486328,0.0,0.056090352296917,0.07460949474174233
1760826785.2810404,wrist_R,-16.84859563293457,0.08858546142578125,0.20829554443359374,0.03384073511500456,0.021849923460081685,0.0747427259823526
1760826785.2816505,wrist_R,-16.84859563293457,0.08858546142578125,0.2088940948486328,0.03397396635561481,0.021849923460081685,0.0750091884635731
1760826785.3654382,wrist_R,-16.84859563293457,0.08559270935058594,0.20829554443359374,0.0334410413931738,0.021849923460081685,0.0752756509447936
1760826785.3667636,wrist_R,-16.84859563293457,0.08678981018066406,0.20829554443359374,0.03370750387439431,0.021849923460081685,0.07554211342601411
1760826785.3677797,wrist_R,-16.84859563293457,0.08678981018066406,0.20829554443359374,0.03370750387439431,0.021849923460081685,0.07567534466662437
1760826785.3685405,wrist_R,-16.84859563293457,0.086191259765625,0.20829554443359374,0.03370750387439431,0.021849923460081685,0.07594180714784488
1760826785.3692482,wrist_R,-16.84859563293457,0.08499415893554688,0.20829554443359374,0.03357427263378405,0.021849923460081685,0.07607503838845513
1760826785.3700683,wrist_R,-16.84859563293457,0.08439560852050781,0.20829554443359374,0.03357427263378405,0.021983154700691936,0.07634150086967564
1760826785.3714998,wrist_R,-16.84859563293457,0.08439560852050781,0.20769699401855468,0.0334410413931738,0.021983154700691936,0.07660796335089615
1760826785.372456,wrist_R,-16.84859563293457,0.08738836059570312,0.20829554443359374,0.03384073511500456,0.022116385941302188,0.0767411945915064
1760826785.3730886,wrist_R,-16.84859563293457,0.086191259765625,0.20769699401855468,0.03357427263378405,0.022116385941302188,0.0770076570727269
1760826785.3740368,wrist_R,-16.84859563293457,0.09038111267089843,0.20769699401855468,0.0,0.05635681477813751,0.07727411955394742
1760826785.375085,wrist_R,-16.84859563293457,0.09038111267089843,0.20709844360351562,0.03397396635561481,0.022249617181912446,0.07767381327577817
1760826785.3756888,wrist_R,-16.84859563293457,0.0909796630859375,0.20769699401855468,0.00013323124061025415,0.05649004601874777,0.07794027575699868
1760826785.3770132,wrist_R,-16.84859563293457,0.0909796630859375,0.20769699401855468,0.00013323124061025415,0.05662327725935802,0.07833996947882944
1760826785.378239,wrist_R,-16.84859563293457,0.09217676391601562,0.20829554443359374,0.0003996937218307625,0.05675650849996827,0.07860643196004995
1760826785.3788712,wrist_R,-16.84859563293457,0.09157821350097656,0.20829554443359374,0.0002664624812205083,0.05688973974057853,0.07913935692249098
1760826785.379583,wrist_R,-16.84859563293457,0.09337386474609374,0.20829554443359374,0.0005329249624410166,0.05702297098118878,0.07953905064432175
1760826785.3809092,wrist_R,-16.84859563293457,0.09636661682128905,0.20829554443359374,0.000799387443661525,0.057156202221799034,0.07993874436615249
1760826785.3817768,wrist_R,-16.84859563293457,0.09636661682128905,0.2088940948486328,0.000799387443661525,0.05728943346240929,0.08047166932859352
1760826785.3823369,wrist_R,-16.84859563293457,0.09995791931152344,0.20949264526367187,0.0011990811654922875,0.057689127184240054,0.08247013793774732
1760826785.3831828,wrist_R,-16.84859563293457,0.09816226806640624,0.20949264526367187,0.0009326186842717792,0.057689127184240054,0.08286983165957809
1760826785.384204,wrist_R,-16.84859563293457,0.09576806640624999,0.20949264526367187,0.0005329249624410166,0.057689127184240054,0.0831362941407986
1760826785.3848143,wrist_R,-16.84859563293457,0.09636661682128905,0.20949264526367187,0.000799387443661525,0.057689127184240054,0.0834027566220191
1760826785.3854747,wrist_R,-16.84859563293457,0.09935936889648436,0.21068974609375,0.0014655436467127959,0.057689127184240054,0.08353598786262936
1760826785.3866825,wrist_R,-16.84859563293457,0.09935936889648436,0.21009119567871093,0.0014655436467127959,0.057689127184240054,0.08380245034384987
1760826785.3876271,wrist_R,-16.84859563293457,0.09756371765136718,0.20949264526367187,0.0011990811654922875,0.057689127184240054,0.08406891282507037
1760826785.3878934,wrist_R,-16.84859563293457,0.09516951599121093,0.2088940948486328,0.0009326186842717792,0.0575558959436298,0.08420214406568063
1760826785.3895261,wrist_R,-16.84859563293457,0.0939724151611328,0.20769699401855468,0.0005329249624410166,0.057422664703019544,0.08473506902812164
1760826785.389749,wrist_R,-16.69536672668457,0.09636661682128905,0.21009119567871093,0.0010658499248820332,0.05702297098118878,0.0863338439154447
1760826785.4110737,wrist_R,-16.69536672668457,0.09576806640624999,0.21128829650878905,0.0009326186842717792,0.057156202221799034,0.0866003063966652
1760826785.4117386,wrist_R,-16.69536672668457,0.1005564697265625,0.21248539733886718,0.0018652373685435584,0.057156202221799034,0.0868667688778857
1760826785.5900233,wrist_R,-16.69536672668457,0.09935936889648436,0.21248539733886718,0.001732006127933304,0.057156202221799034,0.08713323135910622
1760826785.635236,wrist_R,-16.69536672668457,0.09756371765136718,0.21248539733886718,0.001732006127933304,0.05728943346240929,0.08753292508093698
1760826785.6365945,wrist_R,-16.69536672668457,0.09636661682128905,0.21188684692382811,0.0014655436467127959,0.057422664703019544,0.0877993875621575
1760826785.637216,wrist_R,-16.69536672668457,0.09636661682128905,0.21188684692382811,0.0014655436467127959,0.057422664703019544,0.08819908128398825
1760826785.6378124,wrist_R,-16.69536672668457,0.09756371765136718,0.21188684692382811,0.001732006127933304,0.0575558959436298,0.08859877500581902
1760826785.9052103,wrist_R,-16.69536672668457,0.09756371765136718,0.21188684692382811,0.00159877488732305,0.057689127184240054,0.08899846872764978
1760826785.9058676,wrist_R,-16.69536672668457,0.09636661682128905,0.21068974609375,0.0013323124061025418,0.057822358424850305,0.08939816244948055
1760826785.907282,wrist_R,-16.69536672668457,0.09696516723632811,0.21128829650878905,0.0014655436467127959,0.057822358424850305,0.08979785617131131
1760826785.9083247,wrist_R,-16.69536672668457,0.09935936889648436,0.21188684692382811,0.0018652373685435584,0.057955589665460557,0.09019754989314206
1760826785.9085777,wrist_R,-16.69536672668457,0.0987608184814453,0.21188684692382811,0.0018652373685435584,0.057955589665460557,0.09059724361497283
1760826785.9094899,wrist_R,-16.69536672668457,0.09995791931152344,0.21248539733886718,0.0021316998497640663,0.05808882090607082,0.0909969373368036
1760826785.9104486,wrist_R,-16.69536672668457,0.09935936889648436,0.21188684692382811,0.0018652373685435584,0.05808882090607082,0.09139663105863435
1760826785.9108267,wrist_R,-16.69536672668457,0.1005564697265625,0.21188684692382811,0.0021316998497640663,0.05808882090607082,0.09179632478046512
1760826785.9119198,wrist_R,-16.69536672668457,0.10115502014160156,0.21188684692382811,0.0021316998497640663,0.05822205214668107,0.09219601850229589
1760826785.9128008,wrist_R,-16.69536672668457,0.09995791931152344,0.21128829650878905,0.0018652373685435584,0.05822205214668107,0.09259571222412663
1760826785.9137106,wrist_R,-16.69536672668457,0.10474632263183593,0.21428104858398436,0.0030643185340358454,0.05822205214668107,0.09286217470534716
1760826785.914725,wrist_R,-16.69536672668457,0.10295067138671875,0.21428104858398436,0.002797856052815337,0.058355283387291325,0.09312863718656766
1760826785.9150283,wrist_R,-16.69536672668457,0.105344873046875,0.21428104858398436,0.0030643185340358454,0.058355283387291325,0.09352833090839843
1760826785.9164567,wrist_R,-16.69536672668457,0.10654197387695312,0.2136824981689453,0.0030643185340358454,0.058355283387291325,0.09379479338961894
1760826785.9172919,wrist_R,-16.69536672668457,0.10594342346191406,0.21487959899902342,0.0031975497746461,0.058355283387291325,0.0941944871114497
1760826785.918078,wrist_R,-16.69536672668457,0.10474632263183593,0.2136824981689453,0.002797856052815337,0.058488514627901576,0.09446094959267021
1760826785.9188538,wrist_R,-16.69536672668457,0.10414777221679687,0.21428104858398436,0.0029310872934255917,0.058488514627901576,0.09472741207389071
1760826785.919595,wrist_R,-16.69536672668457,0.10474632263183593,0.2136824981689453,0.0030643185340358454,0.058488514627901576,0.09499387455511121
1760826785.9205935,wrist_R,-16.69536672668457,0.10354922180175781,0.2136824981689453,0.0030643185340358454,0.058488514627901576,0.09526033703633173
1760826785.920915,wrist_R,-16.69536672668457,0.10354922180175781,0.21308394775390624,0.0030643185340358454,0.058488514627901576,0.09539356827694198
1760826785.921786,wrist_R,-16.69536672668457,0.09816226806640624,0.21128829650878905,0.0021316998497640663,0.05862174586851183,0.095926493239383
1760826785.9227638,wrist_R,-16.69536672668457,0.09636661682128905,0.2088940948486328,0.0013323124061025418,0.06181929564315793,0.09832465557036758
1760826785.9237742,wrist_R,-16.54213782043457,0.09157821350097656,0.20709844360351562,0.0002664624812205083,0.06408422673353224,0.09512710579572148
1760826785.9243224,wrist_R,-16.54213782043457,0.09337386474609374,0.20769699401855468,0.000799387443661525,0.06421745797414251,0.09446094959267021
1760826785.924988,wrist_R,-16.54213782043457,0.09457096557617187,0.20769699401855468,0.0009326186842717792,0.06435068921475276,0.09379479338961894
1760826785.9257054,wrist_R,-16.54213782043457,0.086191259765625,0.2059013427734375,0.03370750387439431,0.03170903526524049,0.08580091895300368
1760826785.926374,wrist_R,-16.54213782043457,0.08858546142578125,0.20709844360351562,0.0,0.06581623286146555,0.0848683002687319
1760826785.927032,wrist_R,-16.38890891418457,0.10175357055664062,0.21248539733886718,0.0021316998497640663,0.03424042883683532,0.11924196034617748
1760826785.927759,wrist_R,-16.38890891418457,0.1005564697265625,0.2154781494140625,0.0018652373685435584,0.06808116395183987,0.08553445647178318
1760826785.9497619,wrist_R,-16.38890891418457,0.10235212097167969,0.2154781494140625,0.0018652373685435584,0.06781470147061937,0.08580091895300368
1760826785.9505422,wrist_R,-16.38890891418457,0.10175357055664062,0.2154781494140625,0.0019984686091538122,0.06754823898939886,0.08593415019361393
1760826785.9518728,wrist_R,-16.38890891418457,0.10354922180175781,0.21487959899902342,0.0021316998497640663,0.0671485452675681,0.08580091895300368
1760826785.9526658,wrist_R,-16.38890891418457,0.10474632263183593,0.21428104858398436,0.0021316998497640663,0.0668820827863476,0.08566768771239343
1760826785.9540935,wrist_R,-16.38890891418457,0.10893617553710937,0.21787235107421873,0.003464012255866608,0.06661562030512709,0.08540122523117291
1760826785.954348,wrist_R,-16.38890891418457,0.11133037719726561,0.21787235107421873,0.0035972434964768626,0.06648238906451683,0.08513476274995241
1760826785.9551313,wrist_R,-16.38890891418457,0.11671733093261719,0.22385785522460935,0.005196018383799912,0.06621592658329632,0.08500153150934216
1760826786.0402212,wrist_R,-16.38890891418457,0.1274912384033203,0.23343466186523437,0.007860643196004996,0.06608269534268607,0.08513476274995241
1760826786.0407836,wrist_R,-16.38890891418457,0.1227028350830078,0.23104046020507812,0.007061255752343471,0.06594946410207582,0.08553445647178318
1760826786.042106,wrist_R,-16.38890891418457,0.12150573425292968,0.229843359375,0.006928024511733216,0.06581623286146555,0.0860673814342242
1760826786.0428145,wrist_R,-16.38890891418457,0.12150573425292968,0.22864625854492185,0.006661562030512709,0.0656830016208553,0.08673353763727547
1760826786.0437253,wrist_R,-16.38890891418457,0.12150573425292968,0.2280477081298828,0.006661562030512709,0.06554977038024505,0.08739969384032674
1760826786.0442352,wrist_R,-16.38890891418457,0.11851298217773437,0.22685060729980466,0.006261868308681946,0.0654165391396348,0.08806585004337801
1760826786.0451665,wrist_R,-16.38890891418457,0.11911153259277343,0.22565350646972654,0.006128637068071691,0.06515007665841428,0.08886523748703952
1760826786.0458827,wrist_R,-16.38890891418457,0.11731588134765625,0.22385785522460935,0.0058621745868511835,0.06488361417719378,0.08939816244948055
1760826786.0466428,wrist_R,-16.38890891418457,0.11372457885742186,0.22266075439453123,0.005329249624410167,0.06461715169597326,0.09006431865253181
1760826786.0475965,wrist_R,-16.38890891418457,0.11133037719726561,0.2214636535644531,0.00479632466196915,0.06435068921475276,0.09046401237436258
1760826786.048488,wrist_R,-16.38890891418457,0.11013327636718749,0.22026655273437498,0.004529862180748642,0.06408422673353224,0.0909969373368036
1760826786.0489497,wrist_R,-16.38890891418457,0.10893617553710937,0.21906945190429686,0.004263399699528133,0.06381776425231174,0.09139663105863435
1760826786.050219,wrist_R,-16.38890891418457,0.10893617553710937,0.21906945190429686,0.0039969372183076245,0.06355130177109124,0.09179632478046512
1760826786.0509577,wrist_R,-16.38890891418457,0.11073182678222655,0.21787235107421873,0.0039969372183076245,0.06328483928987072,0.09219601850229589
1760826786.0517673,wrist_R,-16.38890891418457,0.11013327636718749,0.21906945190429686,0.004263399699528133,0.06301837680865022,0.09259571222412663
1760826786.0524735,wrist_R,-16.38890891418457,0.1131260284423828,0.21906945190429686,0.004529862180748642,0.06275191432742971,0.09286217470534716
1760826786.0531902,wrist_R,-16.38890891418457,0.11671733093261719,0.2184709014892578,0.004929555902579405,0.06235222060559895,0.0932618684271779
1760826786.053804,wrist_R,-16.38890891418457,0.11851298217773437,0.21906945190429686,0.005062787143189658,0.062085758124378436,0.09352833090839843
1760826786.054607,wrist_R,-16.38890891418457,0.12449848632812499,0.22206220397949217,0.006128637068071691,0.061686064402547675,0.09366156214900867
1760826786.055796,wrist_R,-16.38890891418457,0.12988544006347655,0.2232593048095703,0.007194486992953725,0.06141960192132717,0.09379479338961894
1760826786.056404,wrist_R,-16.38890891418457,0.13108254089355467,0.22505495605468748,0.0074609494741742334,0.0610199081994964,0.09392802463022919
1760826786.0575354,wrist_R,-16.38890891418457,0.1292868896484375,0.2262520568847656,0.007194486992953725,0.0607534457182759,0.09392802463022919
1760826786.17524,wrist_R,-16.38890891418457,0.13168109130859373,0.2280477081298828,0.007860643196004996,0.06035375199644513,0.09379479338961894
1760826786.1758287,wrist_R,-16.38890891418457,0.13287819213867186,0.22864625854492185,0.008393568158446012,0.06008728951522463,0.09366156214900867
1760826786.1770449,wrist_R,-16.38890891418457,0.13168109130859373,0.22744915771484372,0.008127105677225504,0.05968759579339387,0.09339509966778817
1760826786.1776962,wrist_R,-16.38890891418457,0.13168109130859373,0.22685060729980466,0.008260336917835759,0.059287902071563106,0.0932618684271779
1760826786.178477,wrist_R,-16.38890891418457,0.12988544006347655,0.22565350646972654,0.007993874436615249,0.059021439590342596,0.0929954059459574
1760826786.220198,wrist_R,-16.38890891418457,0.12629413757324218,0.22385785522460935,0.007194486992953725,0.05862174586851183,0.09286217470534716
1760826786.2207725,wrist_R,-16.38890891418457,0.12509703674316405,0.2232593048095703,0.007061255752343471,0.058355283387291325,0.0927289434647369
1760826786.222399,wrist_R,-16.38890891418457,0.12389993591308593,0.22266075439453123,0.006928024511733216,0.05808882090607082,0.0927289434647369
1760826786.2234077,wrist_R,-16.38890891418457,0.12330138549804687,0.22206220397949217,0.006794793271122962,0.057822358424850305,0.09286217470534716
1760826786.2236512,wrist_R,-16.38890891418457,0.12389993591308593,0.2214636535644531,0.006661562030512709,0.0575558959436298,0.09286217470534716
1760826786.2247148,wrist_R,-16.38890891418457,0.12330138549804687,0.22206220397949217,0.006661562030512709,0.057422664703019544,0.09312863718656766
1760826786.225175,wrist_R,-16.38890891418457,0.12509703674316405,0.2214636535644531,0.006794793271122962,0.057156202221799034,0.09339509966778817
1760826786.2260418,wrist_R,-16.23568000793457,0.12210428466796874,0.22026655273437498,0.0063950995492922,0.05702297098118878,0.09366156214900867
1760826786.2269995,wrist_R,-16.23568000793457,0.12030863342285156,0.21966800231933592,0.006128637068071691,0.05688973974057853,0.09392802463022919
1760826786.2275434,wrist_R,-16.23568000793457,0.12210428466796874,0.21906945190429686,0.005995405827461438,0.05675650849996827,0.0941944871114497
1760826786.228127,wrist_R,-16.23568000793457,0.12210428466796874,0.21906945190429686,0.006261868308681946,0.05662327725935802,0.09446094959267021
1760826786.2292938,wrist_R,-16.23568000793457,0.11851298217773437,0.21787235107421873,0.005595712105630674,0.05662327725935802,0.09486064331450096
1760826786.2295454,wrist_R,-16.23568000793457,0.11851298217773437,0.21727380065917967,0.005462480865020421,0.05649004601874777,0.09512710579572148
1760826786.2302957,wrist_R,-16.23568000793457,0.1197100830078125,0.2166752502441406,0.005462480865020421,0.05649004601874777,0.09539356827694198
1760826786.2312942,wrist_R,-16.23568000793457,0.12389993591308593,0.2166752502441406,0.0058621745868511835,0.05635681477813751,0.09566003075816248
1760826786.231743,wrist_R,-16.23568000793457,0.12569558715820311,0.2166752502441406,0.005995405827461438,0.05649004601874777,0.09605972447999325
1760826786.2324357,wrist_R,-16.23568000793457,0.12449848632812499,0.21607669982910155,0.0058621745868511835,0.05649004601874777,0.09645941820182401
1760826786.2331557,wrist_R,-16.23568000793457,0.12449848632812499,0.2154781494140625,0.0058621745868511835,0.05662327725935802,0.09685911192365478
1760826786.2337787,wrist_R,-16.23568000793457,0.12449848632812499,0.21487959899902342,0.005595712105630674,0.05675650849996827,0.09739203688609578
1760826786.2345483,wrist_R,-16.23568000793457,0.1227028350830078,0.21428104858398436,0.005196018383799912,0.05688973974057853,0.09779173060792655
1760826786.235302,wrist_R,-16.23568000793457,0.12210428466796874,0.21487959899902342,0.005196018383799912,0.057156202221799034,0.09832465557036758
1760826786.2652726,wrist_R,-16.23568000793457,0.12330138549804687,0.21607669982910155,0.005329249624410167,0.05728943346240929,0.09899081177341885
1760826786.2657657,wrist_R,-16.23568000793457,0.12330138549804687,0.2166752502441406,0.005462480865020421,0.05808882090607082,0.10045635542013163
1760826786.2672007,wrist_R,-16.23568000793457,0.12030863342285156,0.21906945190429686,0.005329249624410167,0.058355283387291325,0.1008560491419624
1760826786.2678885,wrist_R,-16.23568000793457,0.11851298217773437,0.21966800231933592,0.005196018383799912,0.05862174586851183,0.10125574286379316
1760826786.2686248,wrist_R,-16.23568000793457,0.11791443176269531,0.2184709014892578,0.004929555902579405,0.058888208349732345,0.10165543658562393
1760826786.2697713,wrist_R,-16.23568000793457,0.11851298217773437,0.22086510314941404,0.005462480865020421,0.05915467083095285,0.10192189906684443
1760826786.270499,wrist_R,-16.23568000793457,0.1131260284423828,0.22026655273437498,0.004929555902579405,0.0607534457182759,0.06967993883916293
1760826786.2715735,wrist_R,-16.23568000793457,0.1149216796875,0.21966800231933592,0.005062787143189658,0.0610199081994964,0.06994640132038345
1760826786.2726068,wrist_R,-16.23568000793457,0.11731588134765625,0.21966800231933592,0.005329249624410167,0.06128637068071692,0.07034609504221419
1760826786.273416,wrist_R,-16.23568000793457,0.11432312927246092,0.21906945190429686,0.004929555902579405,0.061686064402547675,0.07074578876404496
1760826786.2745774,wrist_R,-16.23568000793457,0.11552023010253906,0.21906945190429686,0.005062787143189658,0.062085758124378436,0.07127871372648598
1760826786.2754848,wrist_R,-16.23568000793457,0.1149216796875,0.21787235107421873,0.00479632466196915,0.06235222060559895,0.07167840744831674
1760826786.2762074,wrist_R,-16.23568000793457,0.11432312927246092,0.21727380065917967,0.004529862180748642,0.06275191432742971,0.0720781011701475
1760826786.2768295,wrist_R,-16.23568000793457,0.1131260284423828,0.2166752502441406,0.004396630940138387,0.06301837680865022,0.07247779489197827
1760826786.277544,wrist_R,-16.23568000793457,0.1131260284423828,0.21607669982910155,0.004263399699528133,0.06315160804926047,0.07287748861380902
1760826786.3100986,wrist_R,-16.23568000793457,0.11192892761230468,0.22086510314941404,0.004396630940138387,0.06341807053048099,0.07367687605747056
1760826786.3107748,wrist_R,-16.23568000793457,0.11192892761230468,0.22206220397949217,0.004396630940138387,0.06368453301170149,0.07460949474174233
1760826786.3119333,wrist_R,-16.23568000793457,0.11073182678222655,0.22385785522460935,0.004663093421358896,0.06408422673353224,0.07567534466662437
1760826786.312874,wrist_R,-16.23568000793457,0.11372457885742186,0.22565350646972654,0.005329249624410167,0.06448392045536301,0.07660796335089615
1760826786.3137183,wrist_R,-16.23568000793457,0.11552023010253906,0.22565350646972654,0.0057289433462409285,0.06488361417719378,0.07767381327577817
1760826786.3551056,wrist_R,-16.23568000793457,0.1149216796875,0.22505495605468748,0.005595712105630674,0.06528330789902453,0.07847320071943971
1760826786.3556614,wrist_R,-16.23568000793457,0.11851298217773437,0.2292448089599609,0.006661562030512709,0.0656830016208553,0.07913935692249098
1760826786.3574352,wrist_R,-16.23568000793457,0.11911153259277343,0.2280477081298828,0.006661562030512709,0.06608269534268607,0.07967228188493199
1760826786.3584998,wrist_R,-16.23568000793457,0.12330138549804687,0.2292448089599609,0.007061255752343471,0.06648238906451683,0.08007197560676275
1760826786.3594136,wrist_R,-16.23568000793457,0.12090718383789062,0.22744915771484372,0.0063950995492922,0.0668820827863476,0.08047166932859352
1760826786.3604972,wrist_R,-16.23568000793457,0.11851298217773437,0.22505495605468748,0.0057289433462409285,0.0671485452675681,0.08087136305042428
1760826786.3607223,wrist_R,-16.23568000793457,0.11611878051757812,0.22385785522460935,0.005329249624410167,0.06754823898939886,0.0814042880128653
1760826786.3617055,wrist_R,-16.23568000793457,0.11671733093261719,0.22385785522460935,0.005462480865020421,0.06781470147061937,0.08193721297530632
1760826786.3622901,wrist_R,-16.23568000793457,0.1149216796875,0.22266075439453123,0.005062787143189658,0.03410719759622506,0.11657733553397238
1760826786.3630812,wrist_R,-16.23568000793457,0.11013327636718749,0.22266075439453123,0.004529862180748642,0.03437366007744557,0.11724349173702366
1760826786.363749,wrist_R,-16.23568000793457,0.11432312927246092,0.22385785522460935,0.005196018383799912,0.03464012255866608,0.11764318545885442
1760826786.364827,wrist_R,-16.23568000793457,0.11671733093261719,0.2232593048095703,0.005462480865020421,0.03490658503988659,0.11790964794007493
1760826786.365775,wrist_R,-16.23568000793457,0.11791443176269531,0.22445640563964842,0.005995405827461438,0.03503981628049684,0.11804287918068519
1760826786.3665314,wrist_R,-16.23568000793457,0.11851298217773437,0.22445640563964842,0.006128637068071691,0.03530627876171736,0.11817611042129544
1760826786.3672507,wrist_R,-16.23568000793457,0.11671733093261719,0.22385785522460935,0.0057289433462409285,0.03543951000232761,0.11804287918068519
1760826786.3681753,wrist_R,-16.23568000793457,0.1149216796875,0.22266075439453123,0.005196018383799912,0.03557274124293786,0.11790964794007493
1760826786.4451818,wrist_R,-16.08245110168457,0.10773907470703124,0.2184709014892578,0.0030643185340358454,0.035705972483548114,0.11750995421824417
1760826786.4457421,wrist_R,-16.08245110168457,0.1083376251220703,0.2184709014892578,0.0033307810152563544,0.03583920372415837,0.11684379801519292
1760826786.4469063,wrist_R,-16.08245110168457,0.10594342346191406,0.21727380065917967,0.0029310872934255917,0.035972434964768624,0.11617764181214164
1760826786.4481149,wrist_R,-16.08245110168457,0.10714052429199218,0.21787235107421873,0.0030643185340358454,0.036105666205378875,0.11551148560909036
1760826786.4488564,wrist_R,-16.08245110168457,0.10953472595214843,0.2184709014892578,0.003464012255866608,0.036238897445989134,0.11471209816542884
1760826786.4495049,wrist_R,-16.08245110168457,0.10714052429199218,0.2166752502441406,0.0029310872934255917,0.036372128686599385,0.11391271072176731
1760826786.450294,wrist_R,-16.08245110168457,0.105344873046875,0.21727380065917967,0.0030643185340358454,0.036505359927209644,0.11298009203749554
1760826786.4512854,wrist_R,-16.08245110168457,0.105344873046875,0.2166752502441406,0.0030643185340358454,0.036638591167819895,0.112180704593834
1760826786.451953,wrist_R,-16.08245110168457,0.105344873046875,0.21607669982910155,0.0029310872934255917,0.036771822408430146,0.11138131715017249
1760826786.4530847,wrist_R,-16.08245110168457,0.10714052429199218,0.2154781494140625,0.0031975497746461,0.0369050536490404,0.11058192970651096
1760826786.4538066,wrist_R,-16.08245110168457,0.10773907470703124,0.2154781494140625,0.0033307810152563544,0.037171516130260915,0.10991577350345969
1760826786.491188,wrist_R,-16.08245110168457,0.1083376251220703,0.21787235107421873,0.0037304747370871167,0.037304747370871166,0.10911638605979816
1760826786.492218,wrist_R,-16.08245110168457,0.10474632263183593,0.21607669982910155,0.0030643185340358454,0.03757120985209167,0.10845022985674689
1760826786.4925385,wrist_R,-16.08245110168457,0.10115502014160156,0.21487959899902342,0.002531393571594829,0.03770444109270193,0.10765084241308535
1760826786.4936433,wrist_R,-16.08245110168457,0.10115502014160156,0.21428104858398436,0.002398162330984575,0.037837672333312186,0.10671822372881358
1760826786.4944992,wrist_R,-16.08245110168457,0.09756371765136718,0.21487959899902342,0.0021316998497640663,0.03797090357392244,0.10565237380393155
1760826786.4951541,wrist_R,-16.08245110168457,0.09576806640624999,0.21428104858398436,0.0018652373685435584,0.03810413481453269,0.10432006139782901
1760826786.4960105,wrist_R,-16.08245110168457,0.09576806640624999,0.21308394775390624,0.0014655436467127959,0.03810413481453269,0.1028545177511162
1760826786.4970255,wrist_R,-16.08245110168457,0.09696516723632811,0.21308394775390624,0.001732006127933304,0.03810413481453269,0.13536294046001823
1760826786.4981103,wrist_R,-16.08245110168457,0.09816226806640624,0.21248539733886718,0.00159877488732305,0.03810413481453269,0.1337641655726952
1760826786.4983435,wrist_R,-16.08245110168457,0.0939724151611328,0.21128829650878905,0.0006661562030512709,0.03810413481453269,0.13243185316659264
1760826786.4990969,wrist_R,-16.08245110168457,0.09816226806640624,0.21308394775390624,0.00159877488732305,0.03810413481453269,0.1310995407604901
1760826786.500122,wrist_R,-16.08245110168457,0.09995791931152344,0.2136824981689453,0.0018652373685435584,0.03810413481453269,0.13003369083560806
1760826786.500937,wrist_R,-16.08245110168457,0.0987608184814453,0.21308394775390624,0.001732006127933304,0.03810413481453269,0.12896784091072602
1760826786.501916,wrist_R,-16.08245110168457,0.09756371765136718,0.21428104858398436,0.0018652373685435584,0.03810413481453269,0.12816845346706449
1760826786.502714,wrist_R,-16.08245110168457,0.09995791931152344,0.21607669982910155,0.002531393571594829,0.03797090357392244,0.1272358347827927
1760826786.5034533,wrist_R,-16.08245110168457,0.09816226806640624,0.2154781494140625,0.002264931090374321,0.037837672333312186,0.1264364473391312
1760826786.5044181,wrist_R,-16.08245110168457,0.09995791931152344,0.21487959899902342,0.002264931090374321,0.037837672333312186,0.12563705989546967
1760826786.5051568,wrist_R,-16.08245110168457,0.09935936889648436,0.2136824981689453,0.0018652373685435584,0.03770444109270193,0.12457120997058764
1760826786.50588,wrist_R,-16.08245110168457,0.10115502014160156,0.21428104858398436,0.0021316998497640663,0.03757120985209167,0.12337212880509535
1760826786.50665,wrist_R,-16.08245110168457,0.09995791931152344,0.21428104858398436,0.0021316998497640663,0.03743797861148142,0.1220398163989928
1760826786.535844,wrist_R,-16.08245110168457,0.10115502014160156,0.21428104858398436,0.0021316998497640663,0.037304747370871166,0.12057427275228003
1760826786.5364904,wrist_R,-16.08245110168457,0.10295067138671875,0.2154781494140625,0.002398162330984575,0.037304747370871166,0.11884226662434672
1760826786.5379593,wrist_R,-16.08245110168457,0.10654197387695312,0.22206220397949217,0.0037304747370871167,0.037171516130260915,0.11711026049641342
1760826786.538313,wrist_R,-16.08245110168457,0.1083376251220703,0.22026655273437498,0.003464012255866608,0.03703828488965066,0.11537825436848011
1760826786.5391743,wrist_R,-16.08245110168457,0.105344873046875,0.21966800231933592,0.0029310872934255917,0.0369050536490404,0.11364624824054681
1760826786.5398977,wrist_R,-16.08245110168457,0.10773907470703124,0.22026655273437498,0.0033307810152563544,0.036771822408430146,0.11178101087200323
1760826786.5405276,wrist_R,-16.08245110168457,0.10414777221679687,0.22086510314941404,0.0031975497746461,0.036505359927209644,0.11004900474406994
1760826786.5412674,wrist_R,-16.08245110168457,0.1005564697265625,0.22026655273437498,0.002531393571594829,0.036238897445989134,0.10818376737552639
1760826786.5419772,wrist_R,-16.08245110168457,0.11372457885742186,0.23223756103515625,0.0057289433462409285,0.036105666205378875,0.10645176124759308
1760826786.5800905,wrist_R,-16.08245110168457,0.11791443176269531,0.23822306518554687,0.006794793271122962,0.03583920372415837,0.10485298636027003
1760826786.580695,wrist_R,-16.08245110168457,0.12150573425292968,0.2424129180908203,0.007860643196004996,0.03557274124293786,0.10338744271355724
1760826786.5822327,wrist_R,-16.08245110168457,0.12449848632812499,0.24779987182617186,0.008926493120887028,0.03530627876171736,0.13629555914429
1760826786.5829368,wrist_R,-16.08245110168457,0.12569558715820311,0.24839842224121092,0.009326186842717792,0.03503981628049684,0.13522970921940797
1760826786.5836146,wrist_R,-16.08245110168457,0.1304839904785156,0.2507926239013672,0.010258805526989571,0.03490658503988659,0.13443032177574646
1760826786.5847602,wrist_R,-16.08245110168457,0.12988544006347655,0.25139117431640623,0.010392036767599824,0.03464012255866608,0.1337641655726952
1760826786.5852404,wrist_R,-16.08245110168457,0.12808978881835936,0.24959552307128904,0.0095926493239383,0.03450689131805583,0.13336447185086442
1760826786.5858333,wrist_R,-16.08245110168457,0.12808978881835936,0.24600422058105467,0.009192955602107537,0.03437366007744557,0.13309800936964392
1760826786.5865548,wrist_R,-16.08245110168457,0.12868833923339842,0.2442085693359375,0.009059724361497283,0.03410719759622506,0.13323124061025418
1760826786.5872397,wrist_R,-16.08245110168457,0.1304839904785156,0.2454056701660156,0.009725880564548555,0.06808116395183987,0.09952373673585986
1760826786.6252074,wrist_R,-16.08245110168457,0.12629413757324218,0.24301146850585936,0.009192955602107537,0.06794793271122962,0.09992343045769063
1760826786.625736,wrist_R,-16.08245110168457,0.1274912384033203,0.2454056701660156,0.009725880564548555,0.06794793271122962,0.10045635542013163
1760826786.6274304,wrist_R,-16.08245110168457,0.12629413757324218,0.2454056701660156,0.0095926493239383,0.06781470147061937,0.10125574286379316
1760826786.6282036,wrist_R,-16.08245110168457,0.12629413757324218,0.24181436767578124,0.009059724361497283,0.06781470147061937,0.06821439519245012
1760826786.6291625,wrist_R,-16.08245110168457,0.12988544006347655,0.2424129180908203,0.0095926493239383,0.06781470147061937,0.06928024511733216
1760826786.6296606,wrist_R,-16.08245110168457,0.12988544006347655,0.24121581726074218,0.009459418083328047,0.06781470147061937,0.07061255752343472
1760826786.6301756,wrist_R,-16.08245110168457,0.1304839904785156,0.23822306518554687,0.009059724361497283,0.06781470147061937,0.07194486992953725
1760826786.631016,wrist_R,-15.92922219543457,0.1292868896484375,0.23702596435546874,0.008793261880276773,0.06794793271122962,0.07314395109502954
1760826786.6320288,wrist_R,-15.92922219543457,0.1322796417236328,0.23582886352539062,0.008926493120887028,0.06808116395183987,0.07420980101991156
1760826786.6324413,wrist_R,-15.92922219543457,0.13287819213867186,0.23403321228027343,0.008793261880276773,0.03410719759622506,0.10911638605979816
1760826786.6700702,wrist_R,-15.92922219543457,0.12808978881835936,0.2316390106201172,0.0075941807147844875,0.03437366007744557,0.10978254226284943
1760826786.670629,wrist_R,-15.92922219543457,0.013168109130859374,0.4016273284912109,0.01532159267017923,0.03450689131805583,0.11018223598468019
1760826786.6722963,wrist_R,-15.92922219543457,0.010175357055664061,0.39923312683105466,0.014788667707738212,0.03477335379927634,0.11058192970651096
1760826786.6729562,wrist_R,-15.92922219543457,0.007781155395507812,0.39983167724609375,0.014522205226517705,0.03503981628049684,0.11084839218773146
1760826786.673772,wrist_R,-15.92922219543457,0.007781155395507812,0.39803602600097654,0.014255742745297196,0.03530627876171736,0.11098162342834172
1760826786.6745088,wrist_R,-15.92922219543457,0.00239420166015625,0.3956418243408203,0.013323124061025418,0.03543951000232761,0.11138131715017249
1760826786.6751316,wrist_R,-15.92922219543457,0.0017956512451171875,0.3938461730957031,0.013056661579804908,0.035705972483548114,0.11178101087200323
1760826786.6759193,wrist_R,-15.92922219543457,0.15203180541992187,0.23882161560058593,0.012656967857974145,0.03583920372415837,0.11231393583444427
1760826786.6769745,wrist_R,-15.92922219543457,0.14963760375976562,0.23642741394042968,0.01185758041431262,0.035972434964768624,0.11324655451871604
1760826786.677227,wrist_R,-15.92922219543457,0.1484405029296875,0.2346317626953125,0.011324655451871604,0.036105666205378875,0.11431240444359807
1760826786.7151113,wrist_R,-15.92922219543457,0.1514332550048828,0.24121581726074218,0.012257274136143382,0.036238897445989134,0.11564471684970061
1760826786.715837,wrist_R,-15.92922219543457,0.14903905334472656,0.24001871643066405,0.011591117933092112,0.036372128686599385,0.11711026049641342
1760826786.7175126,wrist_R,-15.92922219543457,0.14604630126953125,0.2376245147705078,0.011058192970651094,0.036372128686599385,0.11870903538373646
1760826786.718264,wrist_R,-15.92922219543457,0.143652099609375,0.23642741394042968,0.010791730489430587,0.036505359927209644,0.12017457903044926
1760826786.718964,wrist_R,-15.92922219543457,0.14245499877929688,0.23403321228027343,0.010258805526989571,0.036505359927209644,0.12164012267716205
1760826786.7200015,wrist_R,-15.92922219543457,0.14006079711914063,0.2346317626953125,0.010125574286379316,0.036638591167819895,0.1232388975644851
1760826786.7207522,wrist_R,-15.92922219543457,0.13587094421386717,0.2328361114501953,0.009459418083328047,0.036771822408430146,0.1247044412111979
1760826786.721229,wrist_R,-15.92922219543457,0.13347674255371092,0.23104046020507812,0.008926493120887028,0.0369050536490404,0.1261699848579107
1760826786.722314,wrist_R,-15.92922219543457,0.13287819213867186,0.2346317626953125,0.009459418083328047,0.03703828488965066,0.12763552850462348
1760826786.7224846,wrist_R,-15.92922219543457,0.1304839904785156,0.23223756103515625,0.008793261880276773,0.037171516130260915,0.1291010721513363
1760826786.723155,wrist_R,-15.92922219543457,0.12988544006347655,0.2316390106201172,0.008793261880276773,0.03743797861148142,0.13056661579804907
1760826786.7601075,wrist_R,-15.92922219543457,0.1227028350830078,0.23044190979003906,0.007194486992953725,0.03770444109270193,0.13203215944476188
1760826786.7607582,wrist_R,-15.92922219543457,0.12808978881835936,0.23104046020507812,0.007993874436615249,0.03797090357392244,0.13363093433208492
1760826786.7627587,wrist_R,-15.92922219543457,0.1292868896484375,0.23104046020507812,0.008260336917835759,0.0383705972957532,0.13536294046001823
1760826786.7638185,wrist_R,-15.92922219543457,0.13467384338378904,0.23642741394042968,0.009992343045769061,0.03863705977697371,0.10312098023233673
1760826786.764103,wrist_R,-15.92922219543457,0.13287819213867186,0.23642741394042968,0.0095926493239383,0.03890352225819422,0.10525268008210079
1760826786.76486,wrist_R,-15.92922219543457,0.14185644836425781,0.2424129180908203,0.011324655451871604,0.03916998473941472,0.10738437993186485
1760826786.7657063,wrist_R,-15.92922219543457,0.003591302490234375,0.41060558471679687,0.01532159267017923,0.03943644722063524,0.10951607978162892
1760826786.7664099,wrist_R,-15.92922219543457,0.005985504150390624,0.412401235961914,0.015987748873230498,0.03970290970185574,0.111647779631393
1760826786.767005,wrist_R,-15.92922219543457,0.010773907470703125,0.4112041351318359,0.016254211354451008,0.03983614094246599,0.11377947948115706
1760826786.7681494,wrist_R,-15.92922219543457,0.016759411621093748,0.41539398803710936,0.017719755001163805,0.0401026034236865,0.11591117933092111
1760826786.8060918,wrist_R,-15.92922219543457,0.02633621826171875,0.4267664459228515,0.020251148572758632,0.04023583466429676,0.11790964794007493
1760826786.8067415,wrist_R,-15.92922219543457,0.02454056701660156,0.4285620971679687,0.020251148572758632,0.04036906590490701,0.11990811654922875
1760826786.8074944,wrist_R,-15.92922219543457,0.029328970336914062,0.4285620971679687,0.02105053601642016,0.04063552838612752,0.1217733539177723
1760826786.8086112,wrist_R,-15.92922219543457,0.022146365356445312,0.42437224426269526,0.01945176112909711,0.040901990867348026,0.12377182252692612
1760826786.809067,wrist_R,-15.92922219543457,0.027533319091796873,0.4291606475830078,0.02105053601642016,0.041168453348568536,0.1259035223766902
1760826786.8102176,wrist_R,-15.92922219543457,0.023942016601562498,0.42497079467773435,0.019984686091538122,0.041301684589178794,0.12790199098584398
1760826786.8104646,wrist_R,-15.92922219543457,0.022146365356445312,0.4225765930175781,0.019318529888486854,0.0415681470703993,0.1299004595949978
1760826786.8115244,wrist_R,-15.92922219543457,0.025737667846679687,0.4261678955078125,0.020384379813368887,0.041834609551619814,0.1316324657229311
1760826786.811892,wrist_R,-15.92922219543457,0.01975216369628906,0.4207809417724609,0.018918836166656093,0.041967840792230066,0.13309800936964392
1760826786.8125598,wrist_R,-15.92922219543457,0.018555062866210937,0.41838674011230464,0.018385911204215073,0.04210107203284032,0.13416385929452596
1760826786.8500917,wrist_R,-15.92922219543457,0.009576806640625,0.411802685546875,0.015987748873230498,0.04223430327345057,0.1345635530163567
1760826786.8507376,wrist_R,-15.92922219543457,0.008379705810546874,0.4100070343017578,0.015454823910789483,0.04236753451406082,0.13443032177574646
1760826786.8518438,wrist_R,-15.92922219543457,0.003591302490234375,0.40581718139648437,0.014255742745297196,0.04250076575467108,0.13363093433208492
1760826786.852813,wrist_R,-15.92922219543457,0.001197100830078125,0.40402153015136716,0.01372281778285618,0.04263399699528134,0.13243185316659264
1760826786.8534482,wrist_R,-15.92922219543457,0.14425065002441406,0.24600422058105467,0.01185758041431262,0.04263399699528134,0.1308330782792696
1760826786.8545918,wrist_R,-15.92922219543457,0.13826514587402344,0.24301146850585936,0.010658499248820334,0.04276722823589159,0.12883460967011579
1760826786.8552995,wrist_R,-15.92922219543457,0.13646949462890623,0.239420166015625,0.00985911180515881,0.04276722823589159,0.12630321609852094
1760826786.8559444,wrist_R,-15.92922219543457,0.13347674255371092,0.23642741394042968,0.008793261880276773,0.04290045947650184,0.12337212880509535
1760826786.8567588,wrist_R,-15.92922219543457,0.1322796417236328,0.23523031311035156,0.008393568158446012,0.04290045947650184,0.11990811654922875
1760826786.8574207,wrist_R,-15.92922219543457,0.15083470458984374,0.24779987182617186,0.0127901990985844,0.0430336907171121,0.11604441057153138
1760826786.858168,wrist_R,-15.92922219543457,0.14544775085449219,0.2442085693359375,0.011591117933092112,0.04316692195772235,0.11178101087200323
1760826786.895229,wrist_R,-15.92922219543457,0.15203180541992187,0.2507926239013672,0.013589586542245924,0.04343338443894285,0.10671822372881358
1760826786.8958418,wrist_R,-15.92922219543457,0.1466448516845703,0.24660277099609373,0.012390505376753637,0.04369984692016337,0.13536294046001823
1760826786.8971355,wrist_R,-15.92922219543457,0.14245499877929688,0.2442085693359375,0.011724349173702367,0.044099540641994124,0.13043338455743883
1760826786.8979092,wrist_R,-15.92922219543457,0.14604630126953125,0.24600422058105467,0.012523736617363892,0.04436600312321464,0.1259035223766902
1760826786.8987014,wrist_R,-15.77599328918457,0.14903905334472656,0.2501940734863281,0.013589586542245924,0.04449923436382489,0.12164012267716205
1760826786.8992748,wrist_R,-15.77599328918457,0.013766659545898436,0.41838674011230464,0.018119448722994567,0.044632465604435144,0.11750995421824417
1760826786.9004197,wrist_R,-15.77599328918457,0.023942016601562498,0.42377369384765623,0.01971822361031762,0.044765696845045395,0.11364624824054681
1760826786.9401045,wrist_R,-15.77599328918457,0.032920272827148434,0.43035774841308594,0.021849923460081685,0.044765696845045395,0.10964931102223918
1760826786.9407794,wrist_R,-15.77599328918457,0.037110125732421874,0.4339490509033203,0.023049004625573973,0.044765696845045395,0.10565237380393155
1760826786.9422672,wrist_R,-15.77599328918457,0.034715924072265626,0.43155484924316406,0.022516079663132953,0.044632465604435144,0.1360290966630695
1760826786.943031,wrist_R,-15.77599328918457,0.028730419921875,0.4267664459228515,0.020917304775809907,0.04449923436382489,0.13269831564781315
1760826786.9442413,wrist_R,-15.77599328918457,0.022744915771484374,0.4213794921875,0.01958499236970736,0.04436600312321464,0.12976722835438756
1760826786.9443893,wrist_R,-15.77599328918457,0.016160861206054686,0.4159925384521484,0.017986217482384312,0.044099540641994124,0.12710260354218247
1760826786.9455507,wrist_R,-15.77599328918457,0.008978256225585938,0.41419688720703124,0.01705359879811253,0.04383307816077362,0.1247044412111979
1760826786.9458401,wrist_R,-15.77599328918457,0.0017956512451171875,0.40880993347167965,0.01532159267017923,0.04343338443894285,0.12243951012082357
1760826786.9465613,wrist_R,-15.77599328918457,0.0017956512451171875,0.40940848388671874,0.01532159267017923,0.04290045947650184,0.12057427275228003
1760826786.9472315,wrist_R,-15.77599328918457,0.1514332550048828,0.25258827514648435,0.014255742745297196,0.04223430327345057,0.11897549786495697
1760826786.9479668,wrist_R,-15.77599328918457,0.14903905334472656,0.25258827514648435,0.013989280264076687,0.041434915829789046,0.11764318545885442
1760826786.9487236,wrist_R,-15.77599328918457,0.14305354919433594,0.24959552307128904,0.012656967857974145,0.040502297145517265,0.11657733553397238
1760826786.9493437,wrist_R,-15.77599328918457,0.14006079711914063,0.24839842224121092,0.01212404289553313,0.03956967846124549,0.11591117933092111
1760826786.9851048,wrist_R,-15.77599328918457,0.1352723937988281,0.24779987182617186,0.011457886692481857,0.03850382853636345,0.11537825436848011
1760826786.9857318,wrist_R,-15.77599328918457,0.13407529296874998,0.24660277099609373,0.011058192970651094,0.03757120985209167,0.11484532940603909
1760826786.9872487,wrist_R,-15.77599328918457,0.1304839904785156,0.24361001892089842,0.00985911180515881,0.036638591167819895,0.11417917320298782
1760826786.9879065,wrist_R,-15.77599328918457,0.12689268798828124,0.24121581726074218,0.008793261880276773,0.03583920372415837,0.11364624824054681
1760826786.9885688,wrist_R,-15.77599328918457,0.1388636962890625,0.2519897247314453,0.012257274136143382,0.03503981628049684,0.1133797857593263
1760826786.9896674,wrist_R,-15.77599328918457,0.13946224670410157,0.25438392639160157,0.012390505376753637,0.03424042883683532,0.11311332327810578
1760826786.9898996,wrist_R,-15.77599328918457,0.13946224670410157,0.2549824768066406,0.012390505376753637,0.06754823898939886,0.07860643196004995
1760826786.9907649,wrist_R,-15.77599328918457,0.002992752075195312,0.42497079467773435,0.016787136316892024,0.0668820827863476,0.07794027575699868
1760826786.9914193,wrist_R,-15.77599328918457,0.017357962036132813,0.43634325256347656,0.020517611053979142,0.06648238906451683,0.0770076570727269
1760826787.0300782,wrist_R,-15.77599328918457,0.016759411621093748,0.43933600463867184,0.020917304775809907,0.06621592658329632,0.07567534466662437
1760826787.030702,wrist_R,-15.77599328918457,0.010773907470703125,0.43155484924316406,0.019052067407266345,0.06621592658329632,0.07420980101991156
1760826787.0320873,wrist_R,-15.77599328918457,0.0053869537353515625,0.4285620971679687,0.017852986241774057,0.06621592658329632,0.07314395109502954
1760826787.0328329,wrist_R,-15.77599328918457,0.15023615417480468,0.26815058593749996,0.01572128639200999,0.06634915782390657,0.07221133241075775
1760826787.0338364,wrist_R,-15.77599328918457,0.14963760375976562,0.2657563842773437,0.01532159267017923,0.06661562030512709,0.07167840744831674
1760826787.0344808,wrist_R,-15.77599328918457,0.1466448516845703,0.26396073303222656,0.014788667707738212,0.0668820827863476,0.07141194496709623
1760826787.0349667,wrist_R,-15.77599328918457,0.001197100830078125,0.42437224426269526,0.01692036755750228,0.06728177650817835,0.07154517620770649
1760826787.0356681,wrist_R,-15.77599328918457,0.00239420166015625,0.42018239135742186,0.016120980113840753,0.06781470147061937,0.07194486992953725
1760826787.0366876,wrist_R,-15.77599328918457,0.15263035583496093,0.26396073303222656,0.01532159267017923,0.03424042883683532,0.10645176124759308
1760826787.0371337,wrist_R,-15.77599328918457,0.14963760375976562,0.2597708801269531,0.014522205226517705,0.03464012255866608,0.10711791745064435
1760826787.0751064,wrist_R,-15.77599328918457,0.1466448516845703,0.2555810272216797,0.013589586542245924,0.03503981628049684,0.10805053613491612
1760826787.0757518,wrist_R,-15.77599328918457,0.14305354919433594,0.2519897247314453,0.0127901990985844,0.03530627876171736,0.10911638605979816
1760826787.0770335,wrist_R,-15.77599328918457,0.1406593475341797,0.24959552307128904,0.012257274136143382,0.03557274124293786,0.11004900474406994
1760826787.0777283,wrist_R,-15.77599328918457,0.13946224670410157,0.24660277099609373,0.01185758041431262,0.035705972483548114,0.11098162342834172
1760826787.078837,wrist_R,-15.77599328918457,0.1149216796875,0.3393780853271484,0.039969372183076245,0.06981317007977318,0.1119142421126135
1760826787.0795639,wrist_R,-15.77599328918457,0.12150573425292968,0.3429693878173828,0.041434915829789046,0.06981317007977318,0.11298009203749554
1760826787.0799582,wrist_R,-15.77599328918457,0.11791443176269531,0.34117373657226563,0.040502297145517265,0.06967993883916293,0.11431240444359807
1760826787.0810652,wrist_R,-15.77599328918457,0.10654197387695312,0.3321954803466797,0.03797090357392244,0.06954670759855268,0.11591117933092111
1760826787.0813043,wrist_R,-15.77599328918457,0.10295067138671875,0.3327940307617187,0.03743797861148142,0.06941347635794241,0.11777641669946469
1760826787.0821028,wrist_R,-15.77599328918457,0.10414777221679687,0.3321954803466797,0.03757120985209167,0.06914701387672191,0.11990811654922875
1760826787.120161,wrist_R,-15.77599328918457,0.09457096557617187,0.3286041778564453,0.03557274124293786,0.06901378263611166,0.1220398163989928
1760826787.1207411,wrist_R,-15.77599328918457,0.08678981018066406,0.3226186737060547,0.06808116395183987,0.03477335379927634,0.12417151624875687
1760826787.1224022,wrist_R,-15.77599328918457,0.08200140686035155,0.3178302703857422,0.0668820827863476,0.03464012255866608,0.12630321609852094
1760826787.1234903,wrist_R,-15.77599328918457,0.0718260498046875,0.3094505645751953,0.06461715169597326,0.03450689131805583,0.12856814718889525
1760826787.1237395,wrist_R,-15.77599328918457,0.06045359191894531,0.4537012145996093,0.027845329287543123,0.03437366007744557,0.13069984703865933
1760826787.124546,wrist_R,-15.77599328918457,0.05686228942871093,0.45190556335449217,0.02717917308449185,0.03437366007744557,0.1328315468884234
1760826787.1651335,wrist_R,-15.77599328918457,0.055066638183593745,0.4477157104492187,0.02624655440022007,0.03410719759622506,0.13509647797879773
1760826787.2100625,wrist_R,-15.77599328918457,0.04908113403320312,0.4471171600341797,0.025447166956558548,0.06808116395183987,0.06901378263611166
1760826787.2106745,wrist_R,-15.77599328918457,0.04668693237304687,0.4429273071289062,0.02438131703167651,0.06781470147061937,0.07114548248587572
1760826787.2118735,wrist_R,-15.77599328918457,0.037110125732421874,0.43574470214843747,0.022249617181912446,0.06754823898939886,0.07301071985441929
1760826787.2120976,wrist_R,-15.77599328918457,0.03172317199707031,0.43155484924316406,0.02105053601642016,0.0671485452675681,0.07487595722296284
1760826787.2562122,wrist_R,-15.62276438293457,0.029328970336914062,0.430956298828125,0.020650842294589397,0.06674885154573734,0.0764747321102859
1760826787.2574873,wrist_R,-15.62276438293457,0.025737667846679687,0.4261678955078125,0.01958499236970736,0.06621592658329632,0.07794027575699868
1760826787.257637,wrist_R,-15.62276438293457,0.020350714111328123,0.421978042602539,0.018252679963604822,0.06581623286146555,0.07953905064432175
1760826787.2585335,wrist_R,-15.62276438293457,0.020949264526367185,0.4261678955078125,0.018918836166656093,0.0654165391396348,0.08087136305042428
1760826787.2596452,wrist_R,-15.62276438293457,0.013766659545898436,0.41958384094238277,0.01732006127933304,0.06501684541780403,0.08233690669713707
1760826787.2598898,wrist_R,-15.62276438293457,0.012569558715820313,0.421978042602539,0.017586523760553547,0.06461715169597326,0.08380245034384987
1760826787.2606566,wrist_R,-15.62276438293457,0.005985504150390624,0.41539398803710936,0.01572128639200999,0.06435068921475276,0.08513476274995241
1760826787.5252006,wrist_R,-15.62276438293457,0.0017956512451171875,0.412401235961914,0.01505513018895872,0.06395099549292199,0.08646707515605495
1760826787.5258098,wrist_R,-15.62276438293457,0.14724340209960937,0.2537853759765625,0.013189892820415163,0.06368453301170149,0.08753292508093698
1760826787.706248,wrist_R,-15.62276438293457,0.14784195251464843,0.2507926239013672,0.012656967857974145,0.06341807053048099,0.08873200624642928
1760826787.7504017,wrist_R,-15.62276438293457,0.1466448516845703,0.24839842224121092,0.012257274136143382,0.06328483928987072,0.08993108741192156
1760826787.7510421,wrist_R,-15.62276438293457,0.14305354919433594,0.24660277099609373,0.011591117933092112,0.06301837680865022,0.09113016857741385
1760826787.752549,wrist_R,-15.62276438293457,0.14305354919433594,0.24779987182617186,0.01212404289553313,0.06288514556803997,0.09246248098351639
1760826787.753739,wrist_R,-15.62276438293457,0.1406593475341797,0.2454056701660156,0.011724349173702367,0.06275191432742971,0.09392802463022919
1760826787.7547703,wrist_R,-15.62276438293457,0.14006079711914063,0.2472013214111328,0.011990811654922875,0.06261868308681946,0.09539356827694198
1760826787.7550776,wrist_R,-15.62276438293457,0.14305354919433594,0.25139117431640623,0.013189892820415163,0.062485451846209204,0.09685911192365478
1760826787.7558906,wrist_R,-15.62276438293457,0.14245499877929688,0.25139117431640623,0.013189892820415163,0.062218989364988694,0.09819142432975732
1760826787.756908,wrist_R,-15.62276438293457,0.14425065002441406,0.2549824768066406,0.013989280264076687,0.061952526883768184,0.09939050549524961
1760826787.7575016,wrist_R,-15.62276438293457,0.1466448516845703,0.25318682556152344,0.014255742745297196,0.06155283316193742,0.10032312417952138
1760826787.7578504,wrist_R,-15.62276438293457,0.1484405029296875,0.2537853759765625,0.014655436467127957,0.06115313944010666,0.1008560491419624
1760826787.7588172,wrist_R,-15.62276438293457,0.14784195251464843,0.2501940734863281,0.014122511504686942,0.0607534457182759,0.10125574286379316
1760826787.7598462,wrist_R,-15.62276438293457,0.1514332550048828,0.2507926239013672,0.014255742745297196,0.06022052075583488,0.10165543658562393
1760826787.7600782,wrist_R,-15.62276438293457,0.0017956512451171875,0.4070142822265625,0.014921898948348467,0.05968759579339387,0.10192189906684443
1760826787.760841,wrist_R,-15.62276438293457,0.15083470458984374,0.2561795776367187,0.014788667707738212,0.059021439590342596,0.1020551303074547
1760826787.7617993,wrist_R,-15.62276438293457,0.14724340209960937,0.25797522888183594,0.014655436467127957,0.058488514627901576,0.10218836154806493
1760826787.7624414,wrist_R,-15.62276438293457,0.016160861206054686,0.4267664459228515,0.01945176112909711,0.057689127184240054,0.06834762643306039
1760826787.7633939,wrist_R,-15.62276438293457,0.013766659545898436,0.42377369384765623,0.018652373685435583,0.05688973974057853,0.06861408891428089
1760826787.7640328,wrist_R,-15.62276438293457,0.00239420166015625,0.4177881896972656,0.016254211354451008,0.053159265003491406,0.06981317007977318
1760826787.7648518,wrist_R,-15.62276438293457,0.0017956512451171875,0.4171896392822265,0.016120980113840753,0.05262634004105039,0.07021286380160395
1760826788.1103394,wrist_R,-15.62276438293457,0.001197100830078125,0.41838674011230464,0.016254211354451008,0.05209341507860938,0.07061255752343472
1760826788.155334,wrist_R,-15.62276438293457,0.14784195251464843,0.2609679809570312,0.014788667707738212,0.05156049011616837,0.07101225124526546
1760826788.156184,wrist_R,-15.62276438293457,0.14305354919433594,0.2555810272216797,0.013323124061025418,0.0511607963943376,0.07141194496709623
1760826788.2004154,wrist_R,-15.62276438293457,0.1388636962890625,0.2519897247314453,0.012390505376753637,0.05062787143189658,0.071811638688927
1760826788.245337,wrist_R,-15.62276438293457,0.13587094421386717,0.2507926239013672,0.01185758041431262,0.05022817771006582,0.07221133241075775
1760826788.515254,wrist_R,-15.46953547668457,0.14245499877929688,0.25917232971191406,0.014255742745297196,0.053558958725322174,0.07314395109502954
1760826788.5158763,wrist_R,-15.46953547668457,0.13766659545898435,0.2597708801269531,0.01372281778285618,0.054225114928373445,0.07261102613258852
1760826788.7403152,wrist_R,-15.31630657043457,0.017956512451171875,0.4273649963378906,0.019984686091538122,0.0654165391396348,0.09952373673585986
1760826788.7410052,wrist_R,-15.31630657043457,0.017357962036132813,0.430956298828125,0.019984686091538122,0.06581623286146555,0.09912404301402909
1760826788.7426543,wrist_R,-15.31630657043457,0.014963760375976562,0.4291606475830078,0.019318529888486854,0.06634915782390657,0.09872434929219834
1760826788.8752127,wrist_R,-15.31630657043457,0.004189852905273437,0.4225765930175781,0.01692036755750228,0.06701531402695785,0.09832465557036758
1760826789.055336,wrist_R,-15.31630657043457,0.00239420166015625,0.4225765930175781,0.016653905076281773,0.06754823898939886,0.09779173060792655
1760826789.3253963,wrist_R,-15.31630657043457,0.14784195251464843,0.2651578338623047,0.014921898948348467,0.03410719759622506,0.13123277200110037
1760826789.5053837,wrist_R,-15.31630657043457,0.14425065002441406,0.2615665313720703,0.013989280264076687,0.03464012255866608,0.13030015331682857
1760826789.5954947,wrist_R,-15.31630657043457,0.1388636962890625,0.25737667846679685,0.012656967857974145,0.03530627876171736,0.1293675346325568
1760826789.5960987,wrist_R,-15.31630657043457,0.1370680450439453,0.2537853759765625,0.011990811654922875,0.03583920372415837,0.12816845346706449
1760826789.5976434,wrist_R,-15.31630657043457,0.13287819213867186,0.24899697265624998,0.010791730489430587,0.036372128686599385,0.1269693723015722
1760826789.5986059,wrist_R,-15.31630657043457,0.12808978881835936,0.2454056701660156,0.009725880564548555,0.036771822408430146,0.12550382865485943
1760826789.5994096,wrist_R,-15.31630657043457,0.12509703674316405,0.24121581726074218,0.008793261880276773,0.037171516130260915,0.12390505376753637
